<install>
	<version>0.1</version>            
	<author>Goldsmiths Creative Computing</author> 
	<url>http://www.maximilian.strangeloop.co.uk/</url>                                     
	<requires></requires>
	
	
	<add>	
		<!-- 	=====================================================================	-->
		<!--	========================== add per project using this addon =========	-->
		<!-- 	=====================================================================	-->
	
	    <src>
		
		    <folder name="addons/ofxMaxim/src">	
			    <file>../../../addons/ofxMaxim/src/ofxMaxim.h</file>
		    </folder>
		
		    <folder name="addons/ofxMaxim/libs">
			    <file>../../../addons/ofxMaxim/libs/fft.h</file>
			    <file>../../../addons/ofxMaxim/libs/fft.cpp</file>
			    <file>../../../addons/ofxMaxim/libs/fftOctaveAnalyzer.h</file>
			    <file>../../../addons/ofxMaxim/libs/fftOctaveAnalyzer.cpp</file>
                <file>../../../addons/ofxMaxim/libs/maxiBark.cpp</file>
                <file>../../../addons/ofxMaxim/libs/maxiBark.h</file>
			    <file>../../../addons/ofxMaxim/libs/maximilian.h</file>
			    <file>../../../addons/ofxMaxim/libs/maximilian.cpp</file>
		    </folder>
		
	    </src>
	
	    <include>
		    <path>../../../addons/ofxMaxim/src</path>
		    <path>../../../addons/ofxMaxim/libs</path>
	    </include>		
	</add>
</install>